
{
    "region" : "us-east-1",
    "configuration" : "Debug",
    "framework"     : "net8.0",
    "self-contained" : true,
    "application"    : "AttendanceAppAPI",
    "environment"    : "AttendanceAppAPI-dev",
    "enable-xray"    : false,
    "enhanced-health-type" : "basic",
    "additional-options"   : "\"aws:autoscaling:launchconfiguration,SecurityGroups\"=\"sg-04e69360c4934236e\";\"aws:ec2:vpc,Subnets\"=\"subnet-0b3f3b17e3250a825\"",
    "solution-stack"       : "64bit Amazon Linux 2 v2.8.1 running .NET Core",
    "environment-type"     : "SingleInstance",
    "cname"                : "attendanceappapi-dev",
    "instance-type"        : "t3a.medium",
    "key-pair"             : "",
    "instance-profile"     : "aws-elasticbeanstalk-ec2-role",
    "service-role"         : "aws-elasticbeanstalk-service-role",
    "proxy-server"         : "nginx"
}